{"plan":[["new","Check",[],{}],["analyze",["test/Test1.java"],{}],["analyze",["test/Test2.java"],{}],["analyze",["test/Test3.java"],{}],["analyze",["test/Test4.java"],{}],["analyze",["test/Test5.java"],{}],["analyze",["test/Test6.java"],{}]],"results":[{"ms":0,"stdout":null,"type":"constructor"},{"return":null,"ms":38,"stdout":"[  0] [ID             ] \"age\"\n[  1] ['='            ] \"=\"\n[  2] [LITERAL_INT    ] \"123\"\n[  3] [';'            ] \";\"\n","type":"method"},{"return":null,"ms":3,"stdout":"[  0] [TYPE           ] \"int\"\n[  1] [ID             ] \"adder\"\n[  2] ['('            ] \"(\"\n[  3] [TYPE           ] \"int\"\n[  4] [ID             ] \"a\"\n[  5] [','            ] \",\"\n[  6] [TYPE           ] \"int\"\n[  7] [ID             ] \"b\"\n[  8] [')'            ] \")\"\n[  9] ['{'            ] \"{\"\n[ 10] ['}'            ] \"}\"\n","type":"method"},{"return":null,"ms":2,"stdout":"[  0] ['class'        ] \"class\"\n[  1] [ID             ] \"Empty\"\n[  2] ['{'            ] \"{\"\n[  3] ['}'            ] \"}\"\n","type":"method"},{"return":null,"ms":3,"stdout":"[  0] [COMMENT        ] \"/* A hello class */\"\n[  1] ['class'        ] \"class\"\n[  2] [ID             ] \"Hello\"\n[  3] ['{'            ] \"{\"\n[  4] [MODIFIER       ] \"public\"\n[  5] [ID             ] \"Hello\"\n[  6] ['('            ] \"(\"\n[  7] [TYPE           ] \"int\"\n[  8] [ID             ] \"name\"\n[  9] [')'            ] \")\"\n[ 10] ['{'            ] \"{\"\n[ 11] ['}'            ] \"}\"\n[ 12] ['}'            ] \"}\"\n","type":"method"},{"return":null,"ms":4,"stdout":"[  0] ['class'        ] \"class\"\n[  1] [ID             ] \"Hello\"\n[  2] ['{'            ] \"{\"\n[  3] [ID             ] \"String\"\n[  4] [ID             ] \"say\"\n[  5] ['('            ] \"(\"\n[  6] [ID             ] \"String\"\n[  7] [ID             ] \"message\"\n[  8] [')'            ] \")\"\n[  9] ['{'            ] \"{\"\n[ 10] [KEYWORD        ] \"return\"\n[ 11] [LITERAL_STRING ] \"\"Hello there, \"\"\n[ 12] [OP             ] \"+\"\n[ 13] [ID             ] \"message\"\n[ 14] [';'            ] \";\"\n[ 15] ['}'            ] \"}\"\n[ 16] [TYPE           ] \"int\"\n[ 17] [ID             ] \"adder\"\n[ 18] ['('            ] \"(\"\n[ 19] [TYPE           ] \"int\"\n[ 20] [ID             ] \"a\"\n[ 21] [','            ] \",\"\n[ 22] [TYPE           ] \"int\"\n[ 23] [ID             ] \"b\"\n[ 24] [')'            ] \")\"\n[ 25] ['{'            ] \"{\"\n[ 26] [KEYWORD        ] \"return\"\n[ 27] [ID             ] \"a\"\n[ 28] [OP             ] \"+\"\n[ 29] [ID             ] \"b\"\n[ 30] [';'            ] \";\"\n[ 31] ['}'            ] \"}\"\n[ 32] ['}'            ] \"}\"\n","type":"method"},{"return":null,"ms":2,"stdout":"[  0] [MODIFIER       ] \"public\"\n[  1] ['class'        ] \"class\"\n[  2] [ID             ] \"Hello\"\n[  3] ['{'            ] \"{\"\n[  4] [ID             ] \"String\"\n[  5] [ID             ] \"name\"\n[  6] [';'            ] \";\"\n[  7] [MODIFIER       ] \"public\"\n[  8] [ID             ] \"Hello\"\n[  9] ['('            ] \"(\"\n[ 10] [ID             ] \"name\"\n[ 11] [')'            ] \")\"\n[ 12] ['{'            ] \"{\"\n[ 13] [KEYWORD        ] \"this\"\n[ 14] ['.'            ] \".\"\n[ 15] [ID             ] \"name\"\n[ 16] ['='            ] \"=\"\n[ 17] [ID             ] \"name\"\n[ 18] [';'            ] \";\"\n[ 19] ['}'            ] \"}\"\n[ 20] [ANNOTATE       ] \"@Override\"\n[ 21] [ID             ] \"String\"\n[ 22] [ID             ] \"toString\"\n[ 23] ['('            ] \"(\"\n[ 24] [')'            ] \")\"\n[ 25] ['{'            ] \"{\"\n[ 26] [KEYWORD        ] \"return\"\n[ 27] [KEYWORD        ] \"this\"\n[ 28] ['.'            ] \".\"\n[ 29] [ID             ] \"name\"\n[ 30] [';'            ] \";\"\n[ 31] ['}'            ] \"}\"\n[ 32] ['}'            ] \"}\"\n","type":"method"}]}