{"plan":[["new","Student",["","100"],{}],["new","Student",["100",""],{}],["new","Student",["Jack","100"],{}],["getName",[],{}],["getNumber",[],{}],["print",[],{}],["new","Course",[""],{}],["new","Course",[null],{}],["new","Course",["CSCI 1000"],{}],["enroll",["Jack","100"],{}],["enroll",["Jill","101"],{}],["enroll",["Joe","102"],{}],["find",["100"],{}],["find",["102"],{}],["find",["200"],{}],["print",[],{}]],"results":[{"exception":{"type":"java.lang.Exception","message":"Name is empty."},"stdout":null,"type":"constructor"},{"exception":{"type":"java.lang.Exception","message":"Number is empty."},"stdout":null,"type":"constructor"},{"ms":0,"stdout":null,"type":"constructor"},{"return":"Jack","ms":0,"stdout":null,"type":"method"},{"return":"100","ms":0,"stdout":null,"type":"method"},{"return":null,"ms":1,"stdout":"Jack (100)\n","type":"method"},{"exception":{"type":"java.lang.Exception","message":"Empty course name."},"stdout":null,"type":"constructor"},{"exception":{"type":"java.lang.Exception","message":"Empty course name."},"stdout":null,"type":"constructor"},{"ms":0,"stdout":null,"type":"constructor"},{"return":null,"ms":0,"stdout":null,"type":"method"},{"return":null,"ms":0,"stdout":null,"type":"method"},{"return":null,"ms":0,"stdout":null,"type":"method"},{"return":"Jack","ms":0,"stdout":null,"type":"method"},{"return":"Joe","ms":0,"stdout":null,"type":"method"},{"return":null,"ms":0,"stdout":null,"type":"method"},{"return":null,"ms":1,"stdout":"Course [CSCI 1000]\n[1] Jack (100)\n[2] Jill (101)\n[3] Joe (102)\nTotal: 3\n","type":"method"}]}