{"plan":[["new","Testcases",[],{}],["basic1",[],{}],["basic2",[],{}],["basic3",[],{}],["ignoreTokens",[],{}],["badSource1",[],{}],["badSource2",[],{}],["ambiguity1",[],{}],["ambiguity2",[],{}],["ambiguity3",[],{}]],"results":[{"ms":0,"stdout":null,"type":"constructor"},{"return":null,"ms":5,"stdout":"Word:\"Hello\"[0-5]\nWhitespace:\" \"[5-6]\nWord:\"my\"[6-8]\nWhitespace:\" \"[8-9]\nWord:\"name\"[9-13]\nWhitespace:\" \"[13-14]\nWord:\"is\"[14-16]\nWhitespace:\" \"[16-17]\nWord:\"albert\"[17-23]\nWhitespace:\" \"[23-24]\nWord:\"einstein\"[24-32]\n","type":"method"},{"exception":{"type":"java.util.regex.PatternSyntaxException","message":"Dangling meta character '+' near index 0\n+|-|*|/\n^"},"stdout":null,"type":"method"},{"exception":{"type":"java.lang.IllegalArgumentException","message":"No matching method basic3 found taking 0 args for class Testcases"},"stdout":null,"type":"method"},{"return":null,"ms":0,"stdout":"Word:\"Hello\"[0-5]\nWord:\"my\"[6-8]\nWord:\"name\"[9-13]\nWord:\"is\"[14-16]\nWord:\"albert\"[17-23]\nWord:\"einstein\"[24-32]\n","type":"method"},{"exception":{"type":"java.lang.Exception","message":"Lexer error: position=9, char='('"},"stdout":null,"type":"method"},{"exception":{"type":"java.lang.Exception","message":"Lexer error: position=5, char=','"},"stdout":null,"type":"method"},{"return":null,"ms":1,"stdout":"INT:\"int\"[0-3]\nID:\"interval\"[4-12]\n","type":"method"},{"return":null,"ms":0,"stdout":"ID:\"double_value\"[0-12]\nID:\"double\"[13-19]\n","type":"method"},{"return":null,"ms":0,"stdout":"INT:\"int\"[0-3]\nID:\"interval\"[4-12]\nID:\"double_value\"[13-25]\nID:\"double\"[26-32]\nID:\"floating_point\"[33-47]\nFLOAT:\"float\"[48-53]\nID:\"x\"[54-55]\nID:\"y\"[56-57]\nID:\"z\"[58-59]\n","type":"method"}]}