{"plan":[["new","Check",[],{}],["Test0",[],{}],["Test1",[],{}],["Test2",[],{}],["Test3",[],{}],["Test4",[],{}],["Test5",[],{}],["Test6",[],{}]],"results":[{"ms":1,"stdout":null,"type":"constructor"},{"return":null,"ms":1,"stdout":"0 --\"a\"--> 1\n0 --\"b\"--> 1\n1 --\"b\"--> 1\n1 --\"c\"--> 2\n1 --\"a\"--> 0\n2 --\"\"--> 0\n","type":"method"},{"return":null,"ms":1,"stdout":"Reachable states of \"a\": [1]\nReachable states of \"b\": [1]\nReachable states of \"c\": []\n","type":"method"},{"return":null,"ms":0,"stdout":"Reachable states of \"a\": [1]\nReachable states of \"ab\": [1]\nReachable states of \"abc\": [0, 2]\n","type":"method"},{"return":null,"ms":1,"stdout":"Accept \"a\"? false\nAccept \"ab\"? false\nAccept \"abc\"? true\n","type":"method"},{"return":null,"ms":3,"stdout":"Longest \"abbaaaa\": \"abbaaa\"\nLongest \"abccc\": \"abc\"\nLongest \"aaaaaa\": \"aaaaaa\"\nLongest \"abababa\": \"abababa\"\n","type":"method"},{"return":null,"ms":2,"stdout":"Is \"hello\" valid? true\nIs \"1hello\" valid? false\nIs \"hello1\" valid? true\nIs \"hello world\" valid? false\nIs \"hello_world\" valid? true\n","type":"method"},{"return":null,"ms":2,"stdout":"Whitespace removed: \"hello world\"\nWhitespace removed: \"hello world\"\nWhitespace removed: \"hello world\"\n","type":"method"}]}